2,Ace Goldfinger,A Astounding Epistle of a Database Administrator And a Explorer who must Find a Car in Ancient China,48,4.98999977111816
3,Adaptation Holes,A Astounding Reflection of a Lumberjack And a Car who must Sink a Lumberjack in A Baloon Factory,50,2.99000000953674
4,Affair Prejudice,A Fanciful Documentary of a Frisbee And a Lumberjack who must Chase a Monkey in A Shark Tank,117,2.99000000953674
7,Airplane Sierra,A Touching Saga of a Hunter And a Butler who must Discover a Butler in A Jet Boat,62,4.98999977111816
8,Airport Pollock,A Epic Tale of a Moose And a Girl who must Confront a Monkey in Ancient India,54,4.98999977111816
9,Alabama Devil,A Thoughtful Panorama of a Database Administrator And a Mad Scientist who must Outgun a Mad Scientist in A Jet Boat,114,2.99000000953674
10,Aladdin Calendar,A Action-Packed Tale of a Man And a Lumberjack who must Reach a Feminist in Ancient China,63,4.98999977111816
15,Alien Center,A Brilliant Drama of a Cat And a Mad Scientist who must Battle a Feminist in A MySQL Convention,46,2.99000000953674
20,Amelie Hellfighters,A Boring Drama of a Woman And a Squirrel who must Conquer a Student in A Baloon,79,4.98999977111816
22,Amistad Midsummer,A Emotional Character Study of a Dentist And a Crocodile who must Meet a Sumo Wrestler in California,85,2.99000000953674
25,Angels Life,A Thoughtful Display of a Woman And a Astronaut who must Battle a Robot in Berlin,74,2.99000000953674
28,Anthem Luke,A Touching Panorama of a Waitress And a Woman who must Outrace a Dog in An Abandoned Amusement Park,91,4.98999977111816
30,Anything Savannah,A Epic Story of a Pastry Chef And a Woman who must Chase a Feminist in An Abandoned Fun House,82,2.99000000953674
31,Apache Divine,A Awe-Inspiring Reflection of a Pastry Chef And a Teacher who must Overcome a Sumo Wrestler in A U-Boat,92,4.98999977111816
32,Apocalypse Flamingos,A Astounding Story of a Dog And a Squirrel who must Defeat a Woman in An Abandoned Amusement Park,119,4.98999977111816
44,Attacks Hate,A Fast-Paced Panorama of a Technical Writer And a Mad Scientist who must Find a Feminist in An Abandoned Mine Shaft,113,4.98999977111816
45,Attraction Newton,A Astounding Panorama of a Composer And a Frisbee who must Reach a Husband in Ancient Japan,83,4.98999977111816
46,Autumn Crow,A Beautiful Tale of a Dentist And a Mad Cow who must Battle a Moose in The Sahara Desert,108,4.98999977111816
48,Backlash Undefeated,A Stunning Character Study of a Mad Scientist And a Mad Cow who must Kill a Car in A Monastery,118,4.98999977111816
51,Balloon Homeward,A Insightful Panorama of a Forensic Psychologist And a Mad Cow who must Build a Mad Scientist in The First Manned Space Station,75,2.99000000953674
53,Bang Kwai,A Epic Drama of a Madman And a Cat who must Face a A Shark in An Abandoned Amusement Park,87,2.99000000953674
55,Barbarella Streetcar,A Awe-Inspiring Story of a Feminist And a Cat who must Conquer a Dog in A Monastery,65,2.99000000953674
57,Basic Easy,A Stunning Epistle of a Man And a Husband who must Reach a Mad Scientist in A Jet Boat,90,2.99000000953674
60,Beast Hunchback,A Awe-Inspiring Epistle of a Student And a Squirrel who must Defeat a Boy in Ancient China,89,4.98999977111816
62,Bed Highball,A Astounding Panorama of a Lumberjack And a Dog who must Redeem a Woman in An Abandoned Fun House,106,2.99000000953674
65,Behavior Runaway,A Unbelieveable Drama of a Student And a Husband who must Outrace a Sumo Wrestler in Berlin,100,4.98999977111816
67,Berets Agent,A Taut Saga of a Crocodile And a Boy who must Overcome a Technical Writer in Ancient China,77,2.99000000953674
69,Beverly Outlaw,A Fanciful Documentary of a Womanizer And a Boat who must Defeat a Madman in The First Manned Space Station,85,2.99000000953674
71,Bilko Anonymous,A Emotional Reflection of a Teacher And a Man who must Meet a Cat in The First Manned Space Station,100,4.98999977111816
72,Bill Others,A Stunning Saga of a Mad Scientist And a Forensic Psychologist who must Challenge a Squirrel in A MySQL Convention,93,2.99000000953674
77,Birds Perdition,A Boring Story of a Womanizer And a Pioneer who must Face a Dog in California,61,4.98999977111816
78,Blackout Private,A Intrepid Yarn of a Pastry Chef And a Mad Scientist who must Challenge a Secret Agent in Ancient Japan,85,2.99000000953674
81,Blindness Gun,A Touching Drama of a Robot And a Dentist who must Meet a Hunter in A Jet Boat,103,4.98999977111816
83,Blues Instinct,A Insightful Documentary of a Boat And a Composer who must Meet a Forensic Psychologist in An Abandoned Fun House,50,2.99000000953674
84,Boiled Dares,A Awe-Inspiring Story of a Waitress And a Dog who must Discover a Dentist in Ancient Japan,102,4.98999977111816
92,Bowfinger Gables,A Fast-Paced Yarn of a Waitress And a Composer who must Outgun a Dentist in California,72,4.98999977111816
98,Bright Encounters,A Fateful Yarn of a Lumberjack And a Feminist who must Conquer a Student in A Jet Boat,73,4.98999977111816
102,Bubble Grosse,A Awe-Inspiring Panorama of a Crocodile And a Moose who must Confront a Girl in A Baloon,60,4.98999977111816
104,Bugsy Song,A Awe-Inspiring Character Study of a Secret Agent And a Boat who must Find a Squirrel in The First Manned Space Station,119,2.99000000953674
106,Bulworth Commandments,A Amazing Display of a Mad Cow And a Pioneer who must Redeem a Sumo Wrestler in The Outback,61,2.99000000953674
107,Bunch Minds,A Emotional Story of a Feminist And a Feminist who must Escape a Pastry Chef in A MySQL Convention,63,2.99000000953674
113,California Birds,A Thrilling Yarn of a Database Administrator And a Robot who must Battle a Database Administrator in Ancient India,75,4.98999977111816
116,Candidate Perdition,A Brilliant Epistle of a Composer And a Database Administrator who must Vanquish a Mad Scientist in The First Manned Space Station,70,2.99000000953674
120,Caribbean Liberty,A Fanciful Tale of a Pioneer And a Technical Writer who must Outgun a Pioneer in A Shark Tank,92,4.98999977111816
123,Casablanca Super,A Amazing Panorama of a Crocodile And a Forensic Psychologist who must Pursue a Secret Agent in The First Manned Space Station,85,4.98999977111816
125,Cassidy Wyoming,A Intrepid Drama of a Frisbee And a Hunter who must Kill a Secret Agent in New Orleans,61,2.99000000953674
127,Cat Coneheads,A Fast-Paced Panorama of a Girl And a A Shark who must Confront a Boy in Ancient India,112,4.98999977111816
133,Chamber Italian,A Fateful Reflection of a Moose And a Husband who must Overcome a Monkey in Nigeria,117,4.98999977111816
134,Champion Flatliners,A Amazing Story of a Mad Cow And a Dog who must Kill a Husband in A Monastery,51,4.98999977111816
135,Chance Resurrection,A Astounding Story of a Forensic Psychologist And a Forensic Psychologist who must Overcome a Moose in Ancient China,70,2.99000000953674
137,Charade Duffel,A Action-Packed Display of a Man And a Waitress who must Build a Dog in A MySQL Convention,66,2.99000000953674
138,Chariots Conspiracy,A Unbelieveable Epistle of a Robot And a Husband who must Chase a Robot in The First Manned Space Station,71,2.99000000953674
139,Chasing Fight,A Astounding Saga of a Technical Writer And a Butler who must Battle a Butler in A Shark Tank,114,4.98999977111816
144,Chinatown Gladiator,A Brilliant Panorama of a Technical Writer And a Lumberjack who must Escape a Butler in Ancient India,61,4.98999977111816
146,Chitty Lock,A Boring Epistle of a Boat And a Database Administrator who must Kill a Sumo Wrestler in The First Manned Space Station,107,2.99000000953674
150,Cider Desire,A Stunning Character Study of a Composer And a Mad Cow who must Succumb a Cat in Soviet Georgia,101,2.99000000953674
152,Circus Youth,A Thoughtful Drama of a Pastry Chef And a Dentist who must Pursue a Girl in A Baloon,90,2.99000000953674
154,Clash Freddy,A Amazing Yarn of a Composer And a Squirrel who must Escape a Astronaut in Australia,81,2.99000000953674
159,Closer Bang,A Unbelieveable Panorama of a Frisbee And a Hunter who must Vanquish a Monkey in Ancient India,58,4.98999977111816
161,Clue Grail,A Taut Tale of a Butler And a Mad Scientist who must Build a Crocodile in Ancient China,70,4.98999977111816
162,Clueless Bucket,A Taut Tale of a Car And a Pioneer who must Conquer a Sumo Wrestler in An Abandoned Fun House,95,2.99000000953674
165,Coldblooded Darling,A Brilliant Panorama of a Dentist And a Moose who must Find a Student in The Gulf of Mexico,70,4.98999977111816
167,Coma Head,A Awe-Inspiring Drama of a Boy And a Frisbee who must Escape a Pastry Chef in California,109,4.98999977111816
169,Comforts Rush,A Unbelieveable Panorama of a Pioneer And a Husband who must Meet a Mad Cow in An Abandoned Mine Shaft,76,2.99000000953674
171,Commandments Express,A Fanciful Saga of a Student And a Mad Scientist who must Battle a Hunter in An Abandoned Mine Shaft,59,4.98999977111816
172,Coneheads Smoochy,A Touching Story of a Womanizer And a Composer who must Pursue a Husband in Nigeria,112,4.98999977111816
173,Confessions Maguire,A Insightful Story of a Car And a Boy who must Battle a Technical Writer in A Baloon,65,4.98999977111816
183,Conversation Downhill,A Taut Character Study of a Husband And a Waitress who must Sink a Squirrel in A MySQL Convention,112,4.98999977111816
184,Core Suit,A Unbelieveable Tale of a Car And a Explorer who must Confront a Boat in A Manhattan Penthouse,92,2.99000000953674
187,Cranes Reservoir,A Fanciful Documentary of a Teacher And a Dog who must Outgun a Forensic Psychologist in A Baloon Factory,57,2.99000000953674
192,Crossing Divorce,A Beautiful Documentary of a Dog And a Robot who must Redeem a Womanizer in Berlin,50,4.98999977111816
195,Crowds Telemark,A Intrepid Documentary of a Astronaut And a Forensic Psychologist who must Find a Frisbee in An Abandoned Fun House,112,4.98999977111816
197,Crusade Honey,A Fast-Paced Reflection of a Explorer And a Butler who must Battle a Madman in An Abandoned Amusement Park,112,2.99000000953674
199,Cupboard Sinners,A Emotional Reflection of a Frisbee And a Boat who must Reach a Pastry Chef in An Abandoned Amusement Park,56,2.99000000953674
203,Daisy Menagerie,A Fast-Paced Saga of a Pastry Chef And a Monkey who must Sink a Composer in Ancient India,84,4.98999977111816
208,Dares Pluto,A Fateful Story of a Robot And a Dentist who must Defeat a Astronaut in New Orleans,89,2.99000000953674
209,Darkness War,A Touching Documentary of a Husband And a Hunter who must Escape a Boy in The Sahara Desert,99,2.99000000953674
214,Daughter Madigan,A Beautiful Tale of a Hunter And a Mad Scientist who must Confront a Squirrel in The First Manned Space Station,59,4.98999977111816
215,Dawn Pond,A Thoughtful Documentary of a Dentist And a Forensic Psychologist who must Defeat a Waitress in Berlin,57,4.98999977111816
216,Day Unfaithful,A Stunning Documentary of a Composer And a Mad Scientist who must Find a Technical Writer in A U-Boat,113,4.98999977111816
219,Deep Crusade,A Amazing Tale of a Crocodile And a Squirrel who must Discover a Composer in Australia,51,4.98999977111816
220,Deer Virginian,A Thoughtful Story of a Mad Cow And a Womanizer who must Overcome a Mad Scientist in Soviet Georgia,106,2.99000000953674
222,Desert Poseidon,A Brilliant Documentary of a Butler And a Frisbee who must Build a Astronaut in New Orleans,64,4.98999977111816
223,Desire Alien,A Fast-Paced Tale of a Dog And a Forensic Psychologist who must Meet a Astronaut in The First Manned Space Station,76,2.99000000953674
224,Desperate Trainspotting,A Epic Yarn of a Forensic Psychologist And a Teacher who must Face a Lumberjack in California,81,4.98999977111816
226,Destiny Saturday,A Touching Drama of a Crocodile And a Crocodile who must Conquer a Explorer in Soviet Georgia,56,4.98999977111816
227,Details Packer,A Epic Saga of a Waitress And a Composer who must Face a Boat in A U-Boat,88,4.98999977111816
229,Devil Desire,A Beautiful Reflection of a Monkey And a Dentist who must Face a Database Administrator in Ancient Japan,87,4.98999977111816
230,Diary Panic,A Thoughtful Character Study of a Frisbee And a Mad Cow who must Outgun a Man in Ancient India,107,2.99000000953674
231,Dinosaur Secretary,A Action-Packed Drama of a Feminist And a Girl who must Reach a Robot in The Canadian Rockies,63,2.99000000953674
234,Disturbing Scarface,A Lacklusture Display of a Crocodile And a Butler who must Overcome a Monkey in A U-Boat,94,2.99000000953674
235,Divide Monster,A Intrepid Saga of a Man And a Forensic Psychologist who must Reach a Squirrel in A Monastery,68,2.99000000953674
236,Divine Resurrection,A Boring Character Study of a Man And a Womanizer who must Succumb a Teacher in An Abandoned Amusement Park,100,2.99000000953674
237,Divorce Shining,A Unbelieveable Saga of a Crocodile And a Student who must Discover a Cat in Ancient India,47,2.99000000953674
238,Doctor Grail,A Insightful Drama of a Womanizer And a Waitress who must Reach a Forensic Psychologist in The Outback,57,2.99000000953674
243,Doors President,A Awe-Inspiring Display of a Squirrel And a Woman who must Overcome a Boy in The Gulf of Mexico,49,4.98999977111816
253,Drifter Commandments,A Epic Reflection of a Womanizer And a Squirrel who must Discover a Husband in A Jet Boat,61,4.98999977111816
259,Duck Racer,A Lacklusture Yarn of a Teacher And a Squirrel who must Overcome a Dog in A Shark Tank,116,2.99000000953674
264,Dwarfs Alter,A Emotional Yarn of a Girl And a Dog who must Challenge a Composer in Ancient Japan,101,2.99000000953674
268,Early Home,A Amazing Panorama of a Mad Scientist And a Husband who must Meet a Woman in The Outback,96,4.98999977111816
274,Egg Igby,A Beautiful Documentary of a Boat And a Sumo Wrestler who must Succumb a Database Administrator in The First Manned Space Station,67,2.99000000953674
276,Element Freddy,A Awe-Inspiring Reflection of a Waitress And a Squirrel who must Kill a Mad Cow in A Jet Boat,115,4.98999977111816
284,Enemy Odds,A Fanciful Panorama of a Mad Scientist And a Woman who must Pursue a Astronaut in Ancient India,77,4.98999977111816
289,Eve Resurrection,A Awe-Inspiring Yarn of a Pastry Chef And a Database Administrator who must Challenge a Teacher in A Baloon,66,4.98999977111816
300,Falcon Volume,A Fateful Saga of a Sumo Wrestler And a Hunter who must Redeem a A Shark in New Orleans,102,4.98999977111816
305,Fatal Haunted,A Beautiful Drama of a Student And a Secret Agent who must Confront a Dentist in Ancient Japan,91,2.99000000953674
307,Fellowship Autumn,A Lacklusture Reflection of a Dentist And a Hunter who must Meet a Teacher in A Baloon,77,4.98999977111816
312,Fiddler Lost,A Boring Tale of a Squirrel And a Dog who must Challenge a Madman in The Gulf of Mexico,75,4.98999977111816
313,Fidelity Devil,A Awe-Inspiring Drama of a Technical Writer And a Composer who must Reach a Pastry Chef in A U-Boat,118,4.98999977111816
320,Flamingos Connecticut,A Fast-Paced Reflection of a Composer And a Composer who must Meet a Cat in The Sahara Desert,80,4.98999977111816
322,Flatliners Killer,A Taut Display of a Secret Agent And a Waitress who must Sink a Robot in An Abandoned Mine Shaft,100,2.99000000953674
326,Flying Hook,A Thrilling Display of a Mad Cow And a Dog who must Challenge a Frisbee in Nigeria,69,2.99000000953674
329,Forrest Sons,A Thrilling Documentary of a Forensic Psychologist And a Butler who must Defeat a Explorer in A Jet Boat,63,2.99000000953674
330,Forrester Comancheros,A Fateful Tale of a Squirrel And a Forensic Psychologist who must Redeem a Man in Nigeria,112,4.98999977111816
331,Forward Temple,A Astounding Display of a Forensic Psychologist And a Mad Scientist who must Challenge a Girl in New Orleans,90,2.99000000953674
334,Freddy Storm,A Intrepid Saga of a Man And a Lumberjack who must Vanquish a Husband in The Outback,65,4.98999977111816
336,French Holiday,A Thrilling Epistle of a Dog And a Feminist who must Kill a Madman in Berlin,99,4.98999977111816
337,Frida Slipper,A Fateful Story of a Lumberjack And a Car who must Escape a Boat in An Abandoned Mine Shaft,73,2.99000000953674
338,Frisco Forrest,A Beautiful Documentary of a Woman And a Pioneer who must Pursue a Mad Scientist in A Shark Tank,51,4.98999977111816
342,Fugitive Maguire,A Taut Epistle of a Feminist And a Sumo Wrestler who must Battle a Crocodile in Australia,83,4.98999977111816
343,Full Flatliners,A Beautiful Documentary of a Astronaut And a Moose who must Pursue a Monkey in A Shark Tank,94,2.99000000953674
347,Games Bowfinger,A Astounding Documentary of a Butler And a Explorer who must Challenge a Butler in A Monastery,119,4.98999977111816
350,Garden Island,A Unbelieveable Character Study of a Womanizer And a Madman who must Reach a Man in The Outback,80,4.98999977111816
351,Gaslight Crusade,A Amazing Epistle of a Boy And a Astronaut who must Redeem a Man in The Gulf of Mexico,106,2.99000000953674
354,Ghost Groundhog,A Brilliant Panorama of a Madman And a Composer who must Succumb a Car in Ancient India,85,4.98999977111816
356,Giant Troopers,A Fateful Display of a Feminist And a Monkey who must Vanquish a Monkey in The Canadian Rockies,102,2.99000000953674
361,Gleaming Jawbreaker,A Amazing Display of a Composer And a Forensic Psychologist who must Discover a Car in The Canadian Rockies,89,2.99000000953674
362,Glory Tracy,A Amazing Saga of a Woman And a Womanizer who must Discover a Cat in The First Manned Space Station,115,2.99000000953674
364,Godfather Diary,A Stunning Saga of a Lumberjack And a Squirrel who must Chase a Car in The Outback,73,2.99000000953674
368,Gone Trouble,A Insightful Character Study of a Mad Cow And a Forensic Psychologist who must Conquer a A Shark in A Manhattan Penthouse,84,2.99000000953674
369,Goodfellas Salute,A Unbelieveable Tale of a Dog And a Explorer who must Sink a Mad Cow in A Baloon Factory,56,4.98999977111816
370,Gorgeous Bingo,A Action-Packed Display of a Sumo Wrestler And a Car who must Overcome a Waitress in A Baloon Factory,108,2.99000000953674
375,Grail Frankenstein,A Unbelieveable Saga of a Teacher And a Monkey who must Fight a Girl in An Abandoned Mine Shaft,85,2.99000000953674
378,Greatest North,A Astounding Character Study of a Secret Agent And a Robot who must Build a A Shark in Berlin,93,2.99000000953674
384,Grosse Wonderful,A Epic Drama of a Cat And a Explorer who must Redeem a Moose in Australia,49,4.98999977111816
386,Gump Date,A Intrepid Yarn of a Explorer And a Student who must Kill a Husband in An Abandoned Mine Shaft,53,4.98999977111816
390,Guys Falcon,A Boring Story of a Woman And a Feminist who must Redeem a Squirrel in A U-Boat,84,4.98999977111816
392,Hall Cassidy,A Beautiful Panorama of a Pastry Chef And a A Shark who must Battle a Pioneer in Soviet Georgia,51,4.98999977111816
393,Halloween Nuts,A Amazing Panorama of a Forensic Psychologist And a Technical Writer who must Fight a Dentist in A U-Boat,47,2.99000000953674
396,Hanging Deep,A Action-Packed Yarn of a Boat And a Crocodile who must Build a Monkey in Berlin,62,4.98999977111816
397,Hanky October,A Boring Epistle of a Database Administrator And a Explorer who must Pursue a Madman in Soviet Georgia,107,2.99000000953674
398,Hanover Galaxy,A Stunning Reflection of a Girl And a Secret Agent who must Succumb a Boy in A MySQL Convention,47,4.98999977111816
399,Happiness United,A Action-Packed Panorama of a Husband And a Feminist who must Meet a Forensic Psychologist in Ancient Japan,100,2.99000000953674
400,Hardly Robbers,A Emotional Character Study of a Hunter And a Car who must Kill a Woman in Berlin,72,2.99000000953674
405,Haunted Antitrust,A Amazing Saga of a Man And a Dentist who must Reach a Technical Writer in Ancient India,76,4.98999977111816
408,Head Stranger,A Thoughtful Saga of a Hunter And a Crocodile who must Confront a Dog in The Gulf of Mexico,69,4.98999977111816
409,Heartbreakers Bright,A Awe-Inspiring Documentary of a A Shark And a Dentist who must Outrace a Pastry Chef in The Canadian Rockies,59,4.98999977111816
410,Heaven Freedom,A Intrepid Story of a Butler And a Car who must Vanquish a Man in New Orleans,48,2.99000000953674
411,Heavenly Gun,A Beautiful Yarn of a Forensic Psychologist And a Frisbee who must Battle a Moose in A Jet Boat,49,4.98999977111816
412,Heavyweights Beast,A Unbelieveable Story of a Composer And a Dog who must Overcome a Womanizer in An Abandoned Amusement Park,102,4.98999977111816
414,Hellfighters Sierra,A Taut Reflection of a A Shark And a Dentist who must Battle a Boat in Soviet Georgia,75,2.99000000953674
415,High Encino,A Fateful Saga of a Waitress And a Hunter who must Outrace a Sumo Wrestler in Australia,84,2.99000000953674
421,Holiday Games,A Insightful Reflection of a Waitress And a Madman who must Pursue a Boy in Ancient Japan,78,4.98999977111816
433,Horn Working,A Stunning Display of a Mad Scientist And a Technical Writer who must Succumb a Monkey in A Shark Tank,95,2.99000000953674
437,House Dynamite,A Taut Story of a Pioneer And a Squirrel who must Battle a Student in Soviet Georgia,109,2.99000000953674
438,Human Graffiti,A Beautiful Reflection of a Womanizer And a Sumo Wrestler who must Chase a Database Administrator in The Gulf of Mexico,68,2.99000000953674
442,Hunting Musketeers,A Thrilling Reflection of a Pioneer And a Dentist who must Outrace a Womanizer in An Abandoned Mine Shaft,65,2.99000000953674
443,Hurricane Affair,A Lacklusture Epistle of a Database Administrator And a Woman who must Meet a Hunter in An Abandoned Mine Shaft,49,2.99000000953674
444,Hustler Party,A Emotional Reflection of a Sumo Wrestler And a Monkey who must Conquer a Robot in The Sahara Desert,83,4.98999977111816
445,Hyde Doctor,A Fanciful Documentary of a Boy And a Woman who must Redeem a Womanizer in A Jet Boat,100,2.99000000953674
449,Identity Lover,A Boring Tale of a Composer And a Mad Cow who must Defeat a Car in The Outback,119,2.99000000953674
450,Idols Snatchers,A Insightful Drama of a Car And a Composer who must Fight a Man in A Monastery,84,2.99000000953674
455,Impossible Prejudice,A Awe-Inspiring Yarn of a Monkey And a Hunter who must Chase a Teacher in Ancient China,103,4.98999977111816
459,Informer Double,A Action-Packed Display of a Woman And a Dentist who must Redeem a Forensic Psychologist in The Canadian Rockies,74,4.98999977111816
462,Insider Arizona,A Astounding Saga of a Mad Scientist And a Hunter who must Pursue a Robot in A Baloon Factory,78,2.99000000953674
463,Instinct Airport,A Touching Documentary of a Mad Cow And a Explorer who must Confront a Butler in A Manhattan Penthouse,116,2.99000000953674
464,Intentions Empire,A Astounding Epistle of a Cat And a Cat who must Conquer a Mad Cow in A U-Boat,107,2.99000000953674
465,Interview Liaisons,A Action-Packed Reflection of a Student And a Butler who must Discover a Database Administrator in A Manhattan Penthouse,59,4.98999977111816
466,Intolerable Intentions,A Awe-Inspiring Story of a Monkey And a Pastry Chef who must Succumb a Womanizer in A MySQL Convention,63,4.98999977111816
468,Invasion Cyclone,A Lacklusture Character Study of a Mad Scientist And a Womanizer who must Outrace a Explorer in A Monastery,97,2.99000000953674
469,Iron Moon,A Fast-Paced Documentary of a Mad Cow And a Boy who must Pursue a Dentist in A Baloon,46,4.98999977111816
470,Ishtar Rocketeer,A Astounding Saga of a Dog And a Squirrel who must Conquer a Dog in An Abandoned Fun House,79,4.98999977111816
471,Island Exorcist,A Fanciful Panorama of a Technical Writer And a Boy who must Find a Dentist in An Abandoned Fun House,84,2.99000000953674
478,Jaws Harry,A Thrilling Display of a Database Administrator And a Monkey who must Overcome a Dog in An Abandoned Fun House,112,2.99000000953674
480,Jeepers Wedding,A Astounding Display of a Composer And a Dog who must Kill a Pastry Chef in Soviet Georgia,84,2.99000000953674
481,Jekyll Frogmen,A Fanciful Epistle of a Student And a Astronaut who must Kill a Waitress in A Shark Tank,58,2.99000000953674
485,Jersey Sassy,A Lacklusture Documentary of a Madman And a Mad Cow who must Find a Feminist in Ancient Japan,60,4.98999977111816
486,Jet Neighbors,A Amazing Display of a Lumberjack And a Teacher who must Outrace a Woman in A U-Boat,59,4.98999977111816
502,Knock Warlock,A Unbelieveable Story of a Teacher And a Boat who must Confront a Moose in A Baloon,71,2.99000000953674
505,Labyrinth League,A Awe-Inspiring Saga of a Composer And a Frisbee who must Succumb a Pioneer in The Sahara Desert,46,2.99000000953674
506,Lady Stage,A Beautiful Character Study of a Woman And a Man who must Pursue a Explorer in A U-Boat,67,4.98999977111816
512,League Hellfighters,A Thoughtful Saga of a A Shark And a Monkey who must Outgun a Student in Ancient China,110,4.98999977111816
514,Lebowski Soldiers,A Beautiful Epistle of a Secret Agent And a Pioneer who must Chase a Astronaut in Ancient China,69,2.99000000953674
515,Legally Secretary,A Astounding Tale of a A Shark And a Moose who must Meet a Womanizer in The Sahara Desert,113,4.98999977111816
520,License Weekend,A Insightful Story of a Man And a Husband who must Overcome a Madman in A Monastery,91,2.99000000953674
527,Lola Agent,A Astounding Tale of a Mad Scientist And a Husband who must Redeem a Database Administrator in Ancient Japan,85,4.98999977111816
529,Lonely Elephant,A Intrepid Story of a Student And a Dog who must Challenge a Explorer in Soviet Georgia,67,2.99000000953674
530,Lord Arizona,A Action-Packed Display of a Frisbee And a Pastry Chef who must Pursue a Crocodile in A Jet Boat,108,2.99000000953674
532,Loser Hustler,A Stunning Drama of a Robot And a Feminist who must Outgun a Butler in Nigeria,80,4.98999977111816
533,Lost Bird,A Emotional Character Study of a Robot And a A Shark who must Defeat a Technical Writer in A Manhattan Penthouse,98,2.99000000953674
536,Lovely Jingle,A Fanciful Yarn of a Crocodile And a Forensic Psychologist who must Discover a Crocodile in The Outback,65,2.99000000953674
537,Lover Truman,A Emotional Yarn of a Robot And a Boy who must Outgun a Technical Writer in A U-Boat,75,2.99000000953674
540,Lucky Flying,A Lacklusture Character Study of a A Shark And a Man who must Find a Forensic Psychologist in A U-Boat,97,2.99000000953674
541,Luke Mummy,A Taut Character Study of a Boy And a Robot who must Redeem a Mad Scientist in Ancient India,74,2.99000000953674
542,Lust Lock,A Fanciful Panorama of a Hunter And a Dentist who must Meet a Secret Agent in The Sahara Desert,52,2.99000000953674
543,Madigan Dorado,A Astounding Character Study of a A Shark And a A Shark who must Discover a Crocodile in The Outback,116,4.98999977111816
546,Madre Gables,A Intrepid Panorama of a Sumo Wrestler And a Forensic Psychologist who must Discover a Moose in The First Manned Space Station,98,2.99000000953674
548,Magnificent Chitty,A Insightful Story of a Teacher And a Hunter who must Face a Mad Cow in California,53,2.99000000953674
550,Maguire Apache,A Fast-Paced Reflection of a Waitress And a Hunter who must Defeat a Forensic Psychologist in A Baloon,74,2.99000000953674
558,Mannequin Worst,A Astounding Saga of a Mad Cow And a Pastry Chef who must Discover a Husband in Ancient India,71,2.99000000953674
559,Married Go,A Fanciful Story of a Womanizer And a Dog who must Face a Forensic Psychologist in The Sahara Desert,114,2.99000000953674
565,Matrix Snowman,A Action-Packed Saga of a Womanizer And a Woman who must Overcome a Student in California,56,4.98999977111816
567,Meet Chocolate,A Boring Documentary of a Dentist And a Butler who must Confront a Monkey in A MySQL Convention,80,2.99000000953674
568,Memento Zoolander,A Touching Epistle of a Squirrel And a Explorer who must Redeem a Pastry Chef in The Sahara Desert,77,4.98999977111816
570,Mermaid Insects,A Lacklusture Drama of a Waitress And a Husband who must Fight a Husband in California,104,4.98999977111816
572,Metropolis Coma,A Emotional Saga of a Database Administrator And a Pastry Chef who must Confront a Teacher in A Baloon Factory,64,2.99000000953674
573,Microcosmos Paradise,A Touching Character Study of a Boat And a Student who must Sink a A Shark in Nigeria,105,2.99000000953674
575,Midsummer Groundhog,A Fateful Panorama of a Moose And a Dog who must Chase a Crocodile in Ancient Japan,48,4.98999977111816
587,Mod Secretary,A Boring Documentary of a Mad Cow And a Cat who must Build a Lumberjack in New Orleans,77,4.98999977111816
592,Monster Spartacus,A Fast-Paced Story of a Waitress And a Cat who must Fight a Girl in Australia,107,2.99000000953674
603,Movie Shakespeare,A Insightful Display of a Database Administrator And a Student who must Build a Hunter in Berlin,53,4.98999977111816
607,Muppet Mile,A Lacklusture Story of a Madman And a Teacher who must Kill a Frisbee in The Gulf of Mexico,50,4.98999977111816
611,Musketeers Wait,A Touching Yarn of a Student And a Moose who must Fight a Mad Cow in Australia,73,4.98999977111816
616,National Story,A Taut Epistle of a Mad Scientist And a Girl who must Escape a Monkey in California,92,2.99000000953674
621,Network Peak,A Unbelieveable Reflection of a Butler And a Boat who must Outgun a Mad Scientist in California,75,2.99000000953674
626,Noon Papi,A Unbelieveable Character Study of a Mad Scientist And a Astronaut who must Find a Pioneer in A Manhattan Penthouse,57,2.99000000953674
627,North Tequila,A Beautiful Character Study of a Mad Cow And a Robot who must Reach a Womanizer in New Orleans,67,4.98999977111816
633,October Submarine,A Taut Epistle of a Monkey And a Boy who must Confront a Husband in A Jet Boat,54,4.98999977111816
639,Opposite Necklace,A Fateful Epistle of a Crocodile And a Moose who must Kill a Explorer in Nigeria,92,4.98999977111816
640,Opus Ice,A Fast-Paced Drama of a Hunter And a Boy who must Discover a Feminist in The Sahara Desert,102,4.98999977111816
643,Orient Closer,A Astounding Epistle of a Technical Writer And a Teacher who must Fight a Squirrel in The Sahara Desert,118,2.99000000953674
644,Oscar Gold,A Insightful Tale of a Database Administrator And a Dog who must Face a Madman in Soviet Georgia,115,2.99000000953674
645,Others Soup,A Lacklusture Documentary of a Mad Cow And a Madman who must Sink a Moose in The Gulf of Mexico,118,2.99000000953674
649,Oz Liaisons,A Epic Yarn of a Mad Scientist And a Cat who must Confront a Womanizer in A Baloon Factory,85,2.99000000953674
653,Panic Club,A Fanciful Display of a Teacher And a Crocodile who must Succumb a Girl in A Baloon,102,4.98999977111816
654,Panky Submarine,A Touching Documentary of a Dentist And a Sumo Wrestler who must Overcome a Boy in The Gulf of Mexico,93,4.98999977111816
655,Panther Reds,A Brilliant Panorama of a Moose And a Man who must Reach a Teacher in The Gulf of Mexico,109,4.98999977111816
657,Paradise Sabrina,A Intrepid Yarn of a Car And a Moose who must Outrace a Crocodile in A Manhattan Penthouse,48,2.99000000953674
659,Park Citizen,A Taut Epistle of a Sumo Wrestler And a Girl who must Face a Husband in Ancient Japan,109,4.98999977111816
660,Party Knock,A Fateful Display of a Technical Writer And a Butler who must Battle a Sumo Wrestler in An Abandoned Mine Shaft,107,2.99000000953674
662,Paths Control,A Astounding Documentary of a Butler And a Cat who must Find a Frisbee in Ancient China,118,4.98999977111816
664,Patriot Roman,A Taut Saga of a Robot And a Database Administrator who must Challenge a Astronaut in California,65,2.99000000953674
668,Peak Forever,A Insightful Reflection of a Boat And a Secret Agent who must Vanquish a Astronaut in An Abandoned Mine Shaft,80,4.98999977111816
669,Pearl Destiny,A Lacklusture Yarn of a Astronaut And a Pastry Chef who must Sink a Dog in A U-Boat,74,2.99000000953674
670,Pelican Comforts,A Epic Documentary of a Boy And a Monkey who must Pursue a Astronaut in Berlin,48,4.98999977111816
671,Perdition Fargo,A Fast-Paced Story of a Car And a Cat who must Outgun a Hunter in Berlin,99,4.98999977111816
672,Perfect Groove,A Thrilling Yarn of a Dog And a Dog who must Build a Husband in A Baloon,82,2.99000000953674
675,Phantom Glory,A Beautiful Documentary of a Astronaut And a Crocodile who must Discover a Madman in A Monastery,60,2.99000000953674
678,Pickup Driving,A Touching Documentary of a Husband And a Boat who must Meet a Pastry Chef in A Baloon Factory,77,2.99000000953674
679,Pilot Hoosiers,A Awe-Inspiring Reflection of a Crocodile And a Sumo Wrestler who must Meet a Forensic Psychologist in An Abandoned Mine Shaft,50,2.99000000953674
680,Pinocchio Simon,A Action-Packed Reflection of a Mad Scientist And a A Shark who must Find a Feminist in California,103,4.98999977111816
683,Pity Bound,A Boring Panorama of a Feminist And a Moose who must Defeat a Database Administrator in Nigeria,60,4.98999977111816
686,Pluto Oleander,A Action-Packed Reflection of a Car And a Moose who must Outgun a Car in A Shark Tank,84,4.98999977111816
693,Potter Connecticut,A Thrilling Epistle of a Frisbee And a Cat who must Fight a Technical Writer in Berlin,115,2.99000000953674
694,Prejudice Oleander,A Epic Saga of a Boy And a Dentist who must Outrace a Madman in A U-Boat,98,4.98999977111816
698,Princess Giant,A Thrilling Yarn of a Pastry Chef And a Monkey who must Battle a Monkey in A Shark Tank,71,2.99000000953674
699,Private Drop,A Stunning Story of a Technical Writer And a Hunter who must Succumb a Secret Agent in A Baloon,106,4.98999977111816
700,Prix Undefeated,A Stunning Saga of a Mad Scientist And a Boat who must Overcome a Dentist in Ancient China,115,2.99000000953674
702,Pulp Beverly,A Unbelieveable Display of a Dog And a Crocodile who must Outrace a Man in Nigeria,89,2.99000000953674
703,Punk Divorce,A Fast-Paced Tale of a Pastry Chef And a Boat who must Face a Frisbee in The Canadian Rockies,100,4.98999977111816
705,Purple Movie,A Boring Display of a Pastry Chef And a Sumo Wrestler who must Discover a Frisbee in An Abandoned Amusement Park,88,2.99000000953674
708,Quills Bull,A Thoughtful Story of a Pioneer And a Woman who must Reach a Moose in Australia,112,4.98999977111816
713,Rainbow Shock,A Action-Packed Story of a Hunter And a Boy who must Discover a Lumberjack in Ancient India,74,4.98999977111816
714,Random Go,A Fateful Drama of a Frisbee And a Student who must Confront a Cat in A Shark Tank,73,2.99000000953674
723,Reign Gentlemen,A Emotional Yarn of a Composer And a Man who must Escape a Butler in The Gulf of Mexico,82,2.99000000953674
724,Remember Diary,A Insightful Tale of a Technical Writer And a Waitress who must Conquer a Monkey in Ancient India,110,2.99000000953674
726,Reservoir Adaptation,A Intrepid Drama of a Teacher And a Moose who must Kill a Car in California,61,2.99000000953674
735,Robbers Joon,A Thoughtful Story of a Mad Scientist And a Waitress who must Confront a Forensic Psychologist in Soviet Georgia,102,2.99000000953674
755,Sabrina Midnight,A Emotional Story of a Squirrel And a Crocodile who must Succumb a Husband in The Sahara Desert,99,4.98999977111816
756,Saddle Antitrust,A Stunning Epistle of a Feminist And a A Shark who must Battle a Woman in An Abandoned Fun House,80,2.99000000953674
757,Sagebrush Clueless,A Insightful Story of a Lumberjack And a Hunter who must Kill a Boy in Ancient Japan,106,2.99000000953674
759,Salute Apollo,A Awe-Inspiring Character Study of a Boy And a Feminist who must Sink a Crocodile in Ancient China,73,2.99000000953674
760,Samurai Lion,A Fast-Paced Story of a Pioneer And a Astronaut who must Reach a Boat in A Baloon,110,2.99000000953674
763,Satisfaction Confidential,A Lacklusture Yarn of a Dentist And a Butler who must Meet a Secret Agent in Ancient China,75,4.98999977111816
768,Scarface Bang,A Emotional Yarn of a Teacher And a Girl who must Find a Teacher in A Baloon Factory,102,4.98999977111816
772,Sea Virgin,A Fast-Paced Documentary of a Technical Writer And a Pastry Chef who must Escape a Moose in A U-Boat,80,2.99000000953674
773,Seabiscuit Punk,A Insightful Saga of a Man And a Forensic Psychologist who must Discover a Mad Cow in A MySQL Convention,112,2.99000000953674
775,Seattle Expecations,A Insightful Reflection of a Crocodile And a Sumo Wrestler who must Meet a Technical Writer in The Sahara Desert,110,4.98999977111816
776,Secret Groundhog,A Astounding Story of a Cat And a Database Administrator who must Build a Technical Writer in New Orleans,90,4.98999977111816
778,Secrets Paradise,A Fateful Saga of a Cat And a Frisbee who must Kill a Girl in A Manhattan Penthouse,109,4.98999977111816
779,Sense Greek,A Taut Saga of a Lumberjack And a Pastry Chef who must Escape a Sumo Wrestler in An Abandoned Fun House,54,4.98999977111816
780,Sensibility Rear,A Emotional Tale of a Robot And a Sumo Wrestler who must Redeem a Pastry Chef in A Baloon Factory,98,4.98999977111816
782,Shakespeare Saddle,A Fast-Paced Panorama of a Lumberjack And a Database Administrator who must Defeat a Madman in A MySQL Convention,60,2.99000000953674
783,Shane Darkness,A Action-Packed Saga of a Moose And a Lumberjack who must Find a Woman in Berlin,93,2.99000000953674
784,Shanghai Tycoon,A Fast-Paced Character Study of a Crocodile And a Lumberjack who must Build a Husband in An Abandoned Fun House,47,2.99000000953674
785,Shawshank Bubble,A Lacklusture Story of a Moose And a Monkey who must Confront a Butler in An Abandoned Amusement Park,80,4.98999977111816
788,Ship Wonderland,A Thrilling Saga of a Monkey And a Frisbee who must Escape a Explorer in The Outback,104,2.99000000953674
789,Shock Cabin,A Fateful Tale of a Mad Cow And a Crocodile who must Meet a Husband in New Orleans,79,2.99000000953674
798,Silverado Goldfinger,A Stunning Epistle of a Sumo Wrestler And a Man who must Challenge a Waitress in Ancient India,74,4.98999977111816
805,Sleepless Monsoon,A Amazing Saga of a Moose And a Pastry Chef who must Escape a Butler in Australia,64,4.98999977111816
811,Smile Earring,A Intrepid Drama of a Teacher And a Butler who must Build a Pastry Chef in Berlin,60,2.99000000953674
814,Snatch Slipper,A Insightful Panorama of a Woman And a Feminist who must Defeat a Forensic Psychologist in Berlin,110,4.98999977111816
815,Snatchers Montezuma,A Boring Epistle of a Sumo Wrestler And a Woman who must Escape a Man in The Canadian Rockies,74,2.99000000953674
824,Spartacus Cheaper,A Thrilling Panorama of a Pastry Chef And a Secret Agent who must Overcome a Student in A Manhattan Penthouse,52,4.98999977111816
828,Spiking Element,A Lacklusture Epistle of a Dentist And a Technical Writer who must Find a Dog in A Monastery,79,2.99000000953674
835,Spy Mile,A Thrilling Documentary of a Feminist And a Feminist who must Confront a Feminist in A Baloon,112,2.99000000953674
837,Stage World,A Lacklusture Panorama of a Woman And a Frisbee who must Chase a Crocodile in A Jet Boat,85,2.99000000953674
838,Stagecoach Armageddon,A Touching Display of a Pioneer And a Butler who must Chase a Car in California,112,4.98999977111816
842,State Wasteland,A Beautiful Display of a Cat And a Pastry Chef who must Outrace a Mad Cow in A Jet Boat,113,2.99000000953674
845,Stepmom Dream,A Touching Epistle of a Crocodile And a Teacher who must Build a Forensic Psychologist in A MySQL Convention,48,4.98999977111816
846,Sting Personal,A Fanciful Drama of a Frisbee And a Dog who must Fight a Madman in A Jet Boat,93,4.98999977111816
854,Strangers Graffiti,A Brilliant Character Study of a Secret Agent And a Man who must Find a Cat in The Gulf of Mexico,119,4.98999977111816
856,Streetcar Intentions,A Insightful Character Study of a Waitress And a Crocodile who must Sink a Waitress in The Gulf of Mexico,73,4.98999977111816
859,Sugar Wonka,A Touching Story of a Dentist And a Database Administrator who must Conquer a Astronaut in An Abandoned Amusement Park,114,4.98999977111816
860,Suicides Silence,A Emotional Character Study of a Car And a Girl who must Face a Composer in A U-Boat,93,4.98999977111816
861,Suit Walls,A Touching Panorama of a Lumberjack And a Frisbee who must Build a Dog in Australia,111,4.98999977111816
867,Super Wyoming,A Action-Packed Saga of a Pastry Chef And a Explorer who must Discover a A Shark in The Outback,58,4.98999977111816
869,Suspects Quills,A Emotional Epistle of a Pioneer And a Crocodile who must Battle a Man in A Manhattan Penthouse,47,2.99000000953674
876,Tarzan Videotape,A Fast-Paced Display of a Lumberjack And a Mad Scientist who must Succumb a Sumo Wrestler in The Sahara Desert,91,2.99000000953674
878,Teen Apollo,A Awe-Inspiring Drama of a Dog And a Man who must Escape a Robot in A Shark Tank,74,4.98999977111816
881,Temple Attraction,A Action-Packed Saga of a Forensic Psychologist And a Woman who must Battle a Womanizer in Soviet Georgia,71,4.98999977111816
883,Tequila Past,A Action-Packed Panorama of a Mad Scientist And a Robot who must Challenge a Student in Nigeria,53,4.98999977111816
884,Terminator Club,A Touching Story of a Crocodile And a Girl who must Sink a Man in The Gulf of Mexico,88,4.98999977111816
888,Thin Sagebrush,A Emotional Drama of a Husband And a Lumberjack who must Build a Cat in Ancient India,53,4.98999977111816
889,Ties Hunger,A Insightful Saga of a Astronaut And a Explorer who must Pursue a Mad Scientist in A U-Boat,111,4.98999977111816
892,Titanic Boondock,A Brilliant Reflection of a Feminist And a Dog who must Fight a Boy in A Baloon Factory,104,4.98999977111816
893,Titans Jerk,A Unbelieveable Panorama of a Feminist And a Sumo Wrestler who must Challenge a Technical Writer in Ancient China,91,4.98999977111816
904,Train Bunch,A Thrilling Character Study of a Robot And a Squirrel who must Face a Dog in Ancient India,71,4.98999977111816
908,Trap Guys,A Unbelieveable Story of a Boy And a Mad Cow who must Challenge a Database Administrator in The Sahara Desert,110,4.98999977111816
911,Trip Newton,A Fanciful Character Study of a Lumberjack And a Car who must Discover a Cat in An Abandoned Amusement Park,64,4.98999977111816
912,Trojan Tomorrow,A Astounding Panorama of a Husband And a Sumo Wrestler who must Pursue a Boat in Ancient India,52,2.99000000953674
914,Trouble Date,A Lacklusture Panorama of a Forensic Psychologist And a Woman who must Kill a Explorer in Ancient Japan,61,2.99000000953674
915,Truman Crazy,A Thrilling Epistle of a Moose And a Boy who must Meet a Database Administrator in A Monastery,92,4.98999977111816
916,Turn Star,A Stunning Tale of a Man And a Monkey who must Chase a Student in New Orleans,80,2.99000000953674
919,Tycoon Gathering,A Emotional Display of a Husband And a A Shark who must Succumb a Madman in A Manhattan Penthouse,82,4.98999977111816
922,Undefeated Dalmations,A Unbelieveable Display of a Crocodile And a Feminist who must Overcome a Moose in An Abandoned Amusement Park,107,4.98999977111816
923,Unfaithful Kill,A Taut Documentary of a Waitress And a Mad Scientist who must Battle a Technical Writer in New Orleans,78,2.99000000953674
928,Uptown Young,A Fateful Documentary of a Dog And a Hunter who must Pursue a Teacher in An Abandoned Amusement Park,84,2.99000000953674
937,Varsity Trip,A Action-Packed Character Study of a Astronaut And a Explorer who must Reach a Monkey in A MySQL Convention,85,2.99000000953674
939,Vertigo Northwest,A Unbelieveable Display of a Mad Scientist And a Mad Scientist who must Outgun a Mad Cow in Ancient Japan,90,2.99000000953674
943,Villain Desperate,A Boring Yarn of a Pioneer And a Feminist who must Redeem a Cat in An Abandoned Amusement Park,76,4.98999977111816
954,Wake Jaws,A Beautiful Saga of a Feminist And a Composer who must Challenge a Moose in Berlin,73,4.98999977111816
956,Wanda Chamber,A Insightful Drama of a A Shark And a Pioneer who must Find a Womanizer in The Outback,107,4.98999977111816
957,War Notting,A Boring Drama of a Teacher And a Sumo Wrestler who must Challenge a Secret Agent in The Canadian Rockies,80,4.98999977111816
959,Warlock Werewolf,A Astounding Yarn of a Pioneer And a Crocodile who must Defeat a A Shark in The Outback,83,2.99000000953674
962,Wasteland Divine,A Fanciful Story of a Database Administrator And a Womanizer who must Fight a Database Administrator in Ancient China,85,2.99000000953674
964,Waterfront Deliverance,A Unbelieveable Documentary of a Dentist And a Technical Writer who must Build a Womanizer in Nigeria,61,4.98999977111816
968,Werewolf Lola,A Fanciful Story of a Man And a Sumo Wrestler who must Outrace a Student in A Monastery,79,4.98999977111816
971,Whale Bikini,A Intrepid Story of a Pastry Chef And a Database Administrator who must Kill a Feminist in A MySQL Convention,109,4.98999977111816
972,Whisperer Giant,A Intrepid Story of a Dentist And a Hunter who must Confront a Monkey in Ancient Japan,59,4.98999977111816
977,Window Side,A Astounding Character Study of a Womanizer And a Hunter who must Escape a Robot in A Monastery,85,2.99000000953674
979,Witches Panic,A Awe-Inspiring Drama of a Secret Agent And a Hunter who must Fight a Moose in Nigeria,100,4.98999977111816
980,Wizard Coldblooded,A Lacklusture Display of a Robot And a Girl who must Defeat a Sumo Wrestler in A MySQL Convention,75,4.98999977111816
983,Won Dares,A Unbelieveable Documentary of a Teacher And a Monkey who must Defeat a Explorer in A U-Boat,105,2.99000000953674
985,Wonderland Christmas,A Awe-Inspiring Character Study of a Waitress And a Car who must Pursue a Mad Scientist in The First Manned Space Station,111,4.98999977111816
986,Wonka Sea,A Brilliant Saga of a Boat And a Mad Scientist who must Meet a Moose in Ancient India,85,2.99000000953674
987,Words Hunter,A Action-Packed Reflection of a Composer And a Mad Scientist who must Face a Pioneer in A MySQL Convention,116,2.99000000953674
989,Working Microcosmos,A Stunning Epistle of a Dentist And a Dog who must Kill a Madman in Ancient China,74,4.98999977111816
994,Wyoming Storm,A Awe-Inspiring Panorama of a Robot And a Boat who must Overcome a Feminist in A U-Boat,100,4.98999977111816
995,Yentl Idaho,A Amazing Display of a Robot And a Astronaut who must Fight a Womanizer in Berlin,86,4.98999977111816
999,Zoolander Fiction,A Fateful Reflection of a Waitress And a Boat who must Discover a Sumo Wrestler in Ancient China,101,2.99000000953674
1000,Zorro Ark,A Intrepid Panorama of a Mad Scientist And a Boy who must Redeem a Boy in A Monastery,50,4.98999977111816
